Topic,Most Relevant Words
0,"[('important', 0.063399784), ('would', 0.03261813), ('emotional', 0.032607716), ('best', 0.032591708), ('feel', 0.022321839), ('never', 0.022315457), ('sex', 0.022312375), ('involvement', 0.022304378), ('person', 0.022301672), ('winning', 0.022293825)]"
1,"[('feelings', 0.028523095), ('things', 0.028512083), ('people', 0.028499298), ('men', 0.028481135), ('take', 0.028456438), ('important', 0.019541508), ('lot', 0.019506665), ('general', 0.019499429), ('tend', 0.019498723), ('violence', 0.0194983)]"
2,"[('would', 0.044291534), ('gay', 0.044263847), ('thought', 0.044227786), ('women', 0.033673916), ('person', 0.033647027), ('someone', 0.03363923), ('ask', 0.023020463), ('one', 0.023017932), ('men', 0.023017224), ('help', 0.023000464)]"
3,"[('feelings', 0.0489211), ('would', 0.037242174), ('gay', 0.02546759), ('sex', 0.02545192), ('tend', 0.025437035), ('situations', 0.025435805), ('risky', 0.025431113), ('work', 0.025427703), ('important', 0.01375389), ('help', 0.013731946)]"
4,"[('never', 0.025471516), ('get', 0.02544469), ('way', 0.025438989), ('like', 0.025437111), ('women', 0.025421172), ('would', 0.013752253), ('gay', 0.013733422), ('men', 0.013729956), ('risks', 0.013729925), ('general', 0.013723381)]"
5,"[('work', 0.073298775), ('important', 0.03765726), ('feel', 0.037645575), ('never', 0.037621133), ('help', 0.03760981), ('good', 0.02575981), ('attention', 0.025739076), ('life', 0.025738744), ('ask', 0.025726244), ('thing', 0.025717748)]"
